{
  "query": [
    {
      "Лимит": 5000000,
      "Год": "2023",
      "NameKBK": "725 04 11 47 2 U1 00100 241",
      "КБК": "725 04 11 47 2 U1 00100 241",
      "Тип элемента": "Элемент",
      "Путь": "sites\/rkm-CashPlan\/Lists\/LimitsKBK"
    },
    {
      "Лимит": 300000,
      "Год": "2023",
      "NameKBK": "725 04 11 47 2 U1 00200 241",
      "КБК": "725 04 11 47 2 U1 00200 241",
      "Тип элемента": "Элемент",
      "Путь": "sites\/rkm-CashPlan\/Lists\/LimitsKBK"
    },
    {
      "Лимит": 400000,
      "Год": "2023",
      "NameKBK": "725 04 11 47 2 U1 00300 241",
      "КБК": "725 04 11 47 2 U1 00300 241",
      "Тип элемента": "Элемент",
      "Путь": "sites\/rkm-CashPlan\/Lists\/LimitsKBK"
    }
  ]
}
