{
  "query": [
    {
      "КБК": "725 01 08 47 4 07 92782  862",
      "Тип элемента": "Элемент",
      "Путь": "sites\/rkm-CashPlan\/Lists\/BudgetCode"
    },
    {
      "КБК": "725 04 11 47 2 U1 00100 241",
      "Тип элемента": "Элемент",
      "Путь": "sites\/rkm-CashPlan\/Lists\/BudgetCode"
    },
    {
      "КБК": "725 04 11 47 2 U1 00200 241",
      "Тип элемента": "Элемент",
      "Путь": "sites\/rkm-CashPlan\/Lists\/BudgetCode"
    },
    {
      "КБК": "725 04 11 47 2 U1 00300 241",
      "Тип элемента": "Элемент",
      "Путь": "sites\/rkm-CashPlan\/Lists\/BudgetCode"
    },
    {
      "КБК": "725 04 11 47 2 U2 04100 241",
      "Тип элемента": "Элемент",
      "Путь": "sites\/rkm-CashPlan\/Lists\/BudgetCode"
    },
    {
      "КБК": "725 04 11 47 2 U2 04200 241",
      "Тип элемента": "Элемент",
      "Путь": "sites\/rkm-CashPlan\/Lists\/BudgetCode"
    },
    {
      "КБК": "725 04 11 47 2 U3 10500 241",
      "Тип элемента": "Элемент",
      "Путь": "sites\/rkm-CashPlan\/Lists\/BudgetCode"
    },
    {
      "КБК": "725 04 11 47 2 U4 12300 241",
      "Тип элемента": "Элемент",
      "Путь": "sites\/rkm-CashPlan\/Lists\/BudgetCode"
    },
    {
      "КБК": "725 04 11 47 2 U4 12500 241",
      "Тип элемента": "Элемент",
      "Путь": "sites\/rkm-CashPlan\/Lists\/BudgetCode"
    },
    {
      "КБК": "725 04 11 47 2 U4 12600 241",
      "Тип элемента": "Элемент",
      "Путь": "sites\/rkm-CashPlan\/Lists\/BudgetCode"
    },
    {
      "КБК": "725 04 11 47 3 22 90019 241",
      "Тип элемента": "Элемент",
      "Путь": "sites\/rkm-CashPlan\/Lists\/BudgetCode"
    },
    {
      "КБК": "725 04 11 47 4 07 92782 241",
      "Тип элемента": "Элемент",
      "Путь": "sites\/rkm-CashPlan\/Lists\/BudgetCode"
    },
    {
      "КБК": "725 04 12 47 4 07 92783 863",
      "Тип элемента": "Элемент",
      "Путь": "sites\/rkm-CashPlan\/Lists\/BudgetCode"
    },
    {
      "КБК": "Итого по разделу",
      "Тип элемента": "Элемент",
      "Путь": "sites\/rkm-CashPlan\/Lists\/BudgetCode"
    }
  ]
}
